'sample interval','SpO2','hr'
'1 sec','%','bpm'
0,97.99993896,90.00109867
1,97.99993896,90.00109867
2,97.99993896,90.00109867
3,97.99993896,90.00109867
4,97.99993896,90.00109867
5,97.99993896,90.00109867
6,97.99993896,90.00109867
7,97.99993896,90.00109867
8,97.99993896,90.00109867
9,97.99993896,90.00109867
10,97.99993896,89.00027467
11,97.99993896,88.00061037
12,97.99993896,85.00045778
13,97.99993896,82.00030519
14,97.99993896,80.00097659
15,97.99993896,80.00097659
16,96.99987793,80.00097659
17,96.99987793,79.00015259
18,96.99987793,78.00048830
19,96.99987793,78.00048830
20,96.99987793,77.00082400
21,96.99987793,76.00000000
22,97.99993896,74.00067141
23,97.99993896,74.00067141
24,97.99993896,73.00100711
25,97.99993896,74.00067141
26,97.99993896,74.00067141
27,97.99993896,74.00067141
28,97.99993896,74.00067141
29,97.99993896,73.00100711
30,96.99987793,72.00018311
31,96.99987793,72.00018311
32,96.99987793,71.00051881
33,96.99987793,72.00018311
34,95.99995422,73.00100711
35,95.99995422,73.00100711
36,95.99995422,72.00018311
37,95.99995422,72.00018311
38,95.99995422,70.00085452
39,95.99995422,68.00036622
40,95.99995422,67.00070193
41,95.99995422,67.00070193
42,95.99995422,69.00003052
43,95.99995422,73.00100711
44,95.99995422,73.00100711
45,95.99995422,75.00033570
46,95.99995422,73.00100711
47,95.99995422,71.00051881
48,95.99995422,67.00070193
49,95.99995422,66.00103763
50,95.99995422,68.00036622
51,94.99989319,67.00070193
52,94.99989319,68.00036622
53,94.99989319,67.00070193
54,94.99989319,67.00070193
55,94.99989319,67.00070193
56,95.99995422,66.00103763
57,95.99995422,66.00103763
58,95.99995422,65.00021363
59,95.99995422,65.00021363
60,95.99995422,65.00021363
61,95.99995422,64.00054933
62,96.99987793,64.00054933
63,96.99987793,64.00054933
64,96.99987793,65.00021363
65,96.99987793,69.00003052
66,96.99987793,71.00051881
67,96.99987793,71.00051881
68,96.99987793,70.00085452
69,96.99987793,67.00070193
70,96.99987793,65.00021363
71,96.99987793,64.00054933
72,96.99987793,63.00088504
73,96.99987793,63.00088504
74,96.99987793,63.00088504
75,96.99987793,63.00088504
76,96.99987793,63.00088504
77,95.99995422,65.00021363
78,95.99995422,64.00054933
79,95.99995422,64.00054933
80,95.99995422,64.00054933
81,95.99995422,63.00088504
82,95.99995422,62.00006104
83,95.99995422,61.00039674
84,95.99995422,60.00073244
85,95.99995422,60.00073244
86,95.99995422,60.00073244
87,95.99995422,61.00039674
88,95.99995422,67.00070193
89,95.99995422,67.00070193
90,95.99995422,68.00036622
91,95.99995422,71.00051881
92,95.99995422,71.00051881
93,95.99995422,69.00003052
94,95.99995422,67.00070193
95,95.99995422,68.00036622
96,95.99995422,67.00070193
97,95.99995422,66.00103763
98,95.99995422,65.00021363
99,95.99995422,64.00054933
100,95.99995422,63.00088504
101,95.99995422,63.00088504
102,95.99995422,63.00088504
103,95.99995422,63.00088504
104,95.99995422,63.00088504
105,95.99995422,65.00021363
106,95.99995422,66.00103763
107,95.99995422,65.00021363
108,95.99995422,67.00070193
109,95.99995422,67.00070193
110,94.99989319,67.00070193
111,94.99989319,67.00070193
112,95.99995422,68.00036622
113,95.99995422,68.00036622
114,95.99995422,68.00036622
115,95.99995422,68.00036622
116,94.99989319,68.00036622
117,95.99995422,69.00003052
118,95.99995422,69.00003052
119,95.99995422,69.00003052
120,95.99995422,69.00003052
121,95.99995422,69.00003052
122,94.99989319,69.00003052
123,94.99989319,69.00003052
124,94.99989319,70.00085452
125,94.99989319,71.00051881
126,94.99989319,71.00051881
127,94.99989319,74.00067141
128,94.99989319,74.00067141
129,94.99989319,74.00067141
130,94.99989319,74.00067141
131,94.99989319,74.00067141
132,94.99989319,74.00067141
133,94.99989319,73.00100711
134,94.99989319,70.00085452
135,94.99989319,69.00003052
136,94.99989319,68.00036622
137,94.99989319,68.00036622
138,94.99989319,70.00085452
139,94.99989319,72.00018311
140,94.99989319,72.00018311
141,94.99989319,73.00100711
142,94.99989319,73.00100711
143,94.99989319,71.00051881
144,94.99989319,69.00003052
145,94.99989319,67.00070193
146,94.99989319,66.00103763
147,94.99989319,65.00021363
148,94.99989319,65.00021363
149,94.99989319,66.00103763
150,94.99989319,67.00070193
151,94.99989319,70.00085452
152,94.99989319,70.00085452
153,94.99989319,68.00036622
154,94.99989319,67.00070193
155,94.99989319,66.00103763
156,94.99989319,65.00021363
157,94.99989319,63.00088504
158,94.99989319,64.00054933
159,94.99989319,63.00088504
160,94.99989319,63.00088504
161,94.99989319,63.00088504
162,94.99989319,63.00088504
163,94.99989319,63.00088504
164,94.99989319,63.00088504
165,94.99989319,62.00006104
166,95.99995422,61.00039674
167,95.99995422,60.00073244
168,95.99995422,60.00073244
169,95.99995422,60.00073244
170,95.99995422,60.00073244
171,95.99995422,61.00039674
172,95.99995422,61.00039674
173,95.99995422,61.00039674
174,95.99995422,61.00039674
175,95.99995422,61.00039674
176,95.99995422,61.00039674
177,94.99989319,70.00085452
178,94.99989319,70.00085452
179,94.99989319,72.00018311
180,94.99989319,75.00033570
181,94.99989319,74.00067141
182,94.99989319,73.00100711
183,94.99989319,73.00100711
184,94.99989319,73.00100711
185,94.99989319,71.00051881
186,94.99989319,70.00085452
187,94.99989319,69.00003052
188,95.99995422,69.00003052
189,95.99995422,68.00036622
190,95.99995422,66.00103763
191,95.99995422,66.00103763
192,96.99987793,67.00070193
193,96.99987793,66.00103763
194,96.99987793,66.00103763
195,96.99987793,66.00103763
196,96.99987793,68.00036622
197,96.99987793,68.00036622
198,96.99987793,68.00036622
199,96.99987793,69.00003052
200,95.99995422,69.00003052
201,95.99995422,69.00003052
202,95.99995422,69.00003052
203,95.99995422,69.00003052
204,95.99995422,69.00003052
205,95.99995422,68.00036622
206,95.99995422,67.00070193
207,95.99995422,66.00103763
208,95.99995422,66.00103763
209,95.99995422,66.00103763
210,95.99995422,67.00070193
211,95.99995422,67.00070193
212,95.99995422,68.00036622
213,95.99995422,67.00070193
214,95.99995422,66.00103763
215,94.99989319,66.00103763
216,94.99989319,65.00021363
217,94.99989319,65.00021363
218,95.99995422,66.00103763
219,95.99995422,66.00103763
220,95.99995422,66.00103763
221,95.99995422,67.00070193
222,95.99995422,66.00103763
223,95.99995422,66.00103763
224,95.99995422,66.00103763
225,94.99989319,66.00103763
226,95.99995422,67.00070193
227,95.99995422,68.00036622
228,95.99995422,69.00003052
229,94.99989319,70.00085452
230,94.99989319,71.00051881
231,94.99989319,71.00051881
232,94.99989319,72.00018311
233,94.99989319,74.00067141
234,94.99989319,77.00082400
235,94.00010681,82.00030519
236,94.00010681,85.00045778
237,94.00010681,87.00094607
238,94.00010681,87.00094607
239,94.00010681,87.00094607
240,94.00010681,88.00061037
241,94.00010681,89.00027467
242,94.00010681,88.00061037
243,94.00010681,88.00061037
244,94.00010681,88.00061037
245,94.00010681,90.00109867
246,94.00010681,90.00109867
247,94.00010681,91.99926756
248,94.00010681,89.00027467
249,94.00010681,79.00015259
250,94.00010681,74.00067141
251,94.00010681,70.00085452
252,94.00010681,68.00036622
253,94.99989319,67.00070193
254,94.99989319,67.00070193
255,94.99989319,66.00103763
256,94.99989319,66.00103763
257,94.99989319,67.00070193
258,94.99989319,66.00103763
259,95.99995422,66.00103763
260,95.99995422,65.00021363
261,95.99995422,66.00103763
262,95.99995422,66.00103763
263,95.99995422,66.00103763
264,95.99995422,66.00103763
265,96.99987793,66.00103763
266,96.99987793,66.00103763
267,96.99987793,66.00103763
268,95.99995422,67.00070193
269,95.99995422,67.00070193
270,95.99995422,68.00036622
271,95.99995422,67.00070193
272,95.99995422,66.00103763
273,95.99995422,65.00021363
274,95.99995422,65.00021363
275,95.99995422,65.00021363
276,95.99995422,65.00021363
277,95.99995422,65.00021363
278,95.99995422,65.00021363
279,95.99995422,66.00103763
280,95.99995422,66.00103763
281,95.99995422,66.00103763
282,95.99995422,66.00103763
283,94.99989319,66.00103763
284,94.99989319,66.00103763
285,94.99989319,66.00103763
286,94.99989319,65.00021363
287,94.00010681,65.00021363
288,94.00010681,66.00103763
289,94.00010681,67.00070193
290,94.00010681,65.00021363
291,94.00010681,69.00003052
292,94.99989319,69.00003052
293,94.99989319,70.00085452
294,94.99989319,71.00051881
295,94.99989319,72.00018311
296,94.00010681,75.00033570
297,94.00010681,74.00067141
298,94.00010681,72.00018311
299,94.99989319,67.00070193
300,94.99989319,67.00070193
301,94.99989319,71.00051881
302,94.99989319,71.00051881
303,94.99989319,71.00051881
304,94.99989319,71.00051881
305,94.99989319,71.00051881
306,94.99989319,71.00051881
307,94.99989319,71.00051881
308,94.99989319,71.00051881
309,94.99989319,71.00051881
310,94.99989319,71.00051881
311,94.99989319,71.00051881
312,94.99989319,71.00051881
313,94.99989319,71.00051881
314,94.99989319,71.00051881
315,94.99989319,71.00051881
316,94.99989319,71.00051881
317,94.99989319,71.00051881
318,94.99989319,71.00051881
319,94.99989319,71.00051881
320,94.99989319,71.00051881
321,94.99989319,71.00051881
322,94.99989319,71.00051881
323,94.99989319,71.00051881
324,94.99989319,71.00051881
325,94.99989319,71.00051881
326,94.99989319,71.00051881
327,94.99989319,71.00051881
328,94.99989319,71.00051881
329,94.99989319,71.00051881
330,94.99989319,71.00051881
331,95.99995422,76.00000000
332,95.99995422,78.00048830
333,95.99995422,78.00048830
334,95.99995422,83.00112918
335,95.99995422,84.00079348
336,96.99987793,90.00109867
337,95.99995422,93.99975585
338,95.99995422,94.99942015
339,95.99995422,94.99942015
340,95.99995422,94.99942015
341,95.99995422,94.99942015
342,95.99995422,94.99942015
343,95.99995422,94.99942015
344,95.99995422,94.99942015
345,94.99989319,95.99908444
346,94.99989319,95.99908444
347,94.99989319,95.99908444
348,94.99989319,94.99942015
349,95.99995422,94.99942015
350,95.99995422,91.99926756
351,95.99995422,89.00027467
352,96.99987793,87.00094607
353,96.99987793,87.00094607
354,96.99987793,89.00027467
355,96.99987793,89.00027467
356,96.99987793,92.99893185
357,96.99987793,94.99942015
358,96.99987793,94.99942015
359,96.99987793,95.99908444
360,96.99987793,97.99957274
361,96.99987793,97.99957274
362,96.99987793,95.99908444
363,96.99987793,95.99908444
364,96.99987793,95.99908444
365,96.99987793,95.99908444
366,96.99987793,96.99990844
367,96.99987793,96.99990844
368,96.99987793,96.99990844
369,95.99995422,95.99908444
370,95.99995422,96.99990844
371,95.99995422,96.99990844
372,95.99995422,96.99990844
373,95.99995422,96.99990844
374,95.99995422,96.99990844
375,95.99995422,96.99990844
376,95.99995422,97.99957274
377,95.99995422,97.99957274
378,95.99995422,97.99957274
379,95.99995422,97.99957274
380,95.99995422,96.99990844
381,96.99987793,96.99990844
382,95.99995422,96.99990844
383,94.99989319,96.99990844
384,94.99989319,95.99908444
385,94.99989319,95.99908444
386,94.99989319,95.99908444
387,94.99989319,95.99908444
388,94.99989319,95.99908444
389,94.99989319,95.99908444
390,94.99989319,95.99908444
391,94.99989319,95.99908444
392,94.00010681,94.99942015
393,94.00010681,94.99942015
394,94.00010681,94.99942015
395,94.00010681,94.99942015
396,94.00010681,94.99942015
397,94.99989319,94.99942015
398,95.99995422,93.99975585
399,97.99993896,94.99942015
400,97.99993896,94.99942015
401,97.99993896,94.99942015
402,96.99987793,94.99942015
403,96.99987793,94.99942015
404,96.99987793,95.99908444
405,97.99993896,95.99908444
406,97.99993896,95.99908444
407,97.99993896,95.99908444
408,97.99993896,95.99908444
409,97.99993896,95.99908444
410,97.99993896,96.99990844
411,97.99993896,96.99990844
412,97.99993896,96.99990844
413,97.99993896,96.99990844
414,97.99993896,96.99990844
415,97.99993896,96.99990844
416,96.99987793,96.99990844
417,96.99987793,96.99990844
418,96.99987793,95.99908444
419,96.99987793,95.99908444
420,96.99987793,95.99908444
421,95.99995422,96.99990844
422,95.99995422,96.99990844
423,94.99989319,96.99990844
424,94.99989319,97.99957274
425,94.99989319,97.99957274
426,94.99989319,96.99990844
427,95.99995422,96.99990844
428,95.99995422,96.99990844
429,95.99995422,96.99990844
430,95.99995422,96.99990844
431,95.99995422,96.99990844
432,95.99995422,96.99990844
433,95.99995422,96.99990844
434,95.99995422,96.99990844
435,94.99989319,96.99990844
436,94.00010681,96.99990844
437,94.00010681,96.99990844
438,94.00010681,97.99957274
439,94.00010681,96.99990844
440,94.00010681,96.99990844
441,95.99995422,97.99957274
442,95.99995422,99.99890133
443,96.99987793,101.99938963
444,97.99993896,102.99905393
445,97.99993896,102.99905393
446,97.99993896,102.99905393
447,97.99993896,102.99905393
448,97.99993896,102.99905393
449,97.99993896,102.99905393
450,97.99993896,102.99905393
451,97.99993896,102.99905393
452,97.99993896,102.99905393
453,97.99993896,102.99905393
454,97.99993896,102.99905393
455,97.99993896,102.99905393
456,97.99993896,102.99905393
457,97.99993896,102.99905393
458,97.99993896,102.99905393
459,97.99993896,102.99905393
460,97.99993896,102.99905393
461,97.99993896,102.99905393
462,97.99993896,102.99905393
463,97.99993896,102.99905393
464,97.99993896,102.99905393
465,97.99993896,102.99905393
466,97.99993896,102.99905393
467,97.99993896,102.99905393
468,97.99993896,102.99905393
469,97.99993896,102.99905393
470,97.99993896,102.99905393
471,97.99993896,102.99905393
472,97.99993896,102.99905393
473,97.99993896,102.99905393
474,97.99993896,102.99905393
475,97.99993896,102.99905393
476,97.99993896,102.99905393
477,97.99993896,102.99905393
478,97.99993896,102.99905393
479,97.99993896,102.99905393
480,97.99993896,102.99905393
481,97.99993896,102.99905393
482,97.99993896,102.99905393
483,97.99993896,102.99905393
484,97.99993896,103.99987793
485,97.99993896,103.99987793
486,97.99993896,103.99987793
487,97.99993896,103.99987793
488,97.99993896,103.99987793
489,97.99993896,103.99987793
490,97.99993896,103.99987793
491,96.99987793,103.99987793
492,95.99995422,103.99987793
493,95.99995422,104.99954222
494,95.99995422,104.99954222
495,96.99987793,105.99920652
496,96.99987793,106.99887082
497,97.99993896,105.99920652
498,97.99993896,105.99920652
499,97.99993896,105.99920652
500,97.99993896,105.99920652
501,97.99993896,105.99920652
502,97.99993896,106.99887082
503,96.99987793,106.99887082
504,95.99995422,106.99887082
505,96.99987793,106.99887082
506,97.99993896,106.99887082
507,97.99993896,107.99969481
508,97.99993896,107.99969481
509,97.99993896,106.99887082
510,97.99993896,106.99887082
511,97.99993896,105.99920652
512,97.99993896,105.99920652
513,97.99993896,105.99920652
514,97.99993896,105.99920652
515,97.99993896,105.99920652
516,97.99993896,105.99920652
517,97.99993896,105.99920652
518,97.99993896,105.99920652
519,97.99993896,105.99920652
520,97.99993896,105.99920652
521,97.99993896,105.99920652
522,96.99987793,105.99920652
523,95.99995422,105.99920652
524,95.99995422,105.99920652
525,95.99995422,105.99920652
526,95.99995422,105.99920652
527,95.99995422,105.99920652
528,95.99995422,105.99920652
529,95.99995422,105.99920652
530,95.99995422,105.99920652
531,95.99995422,105.99920652
532,95.99995422,105.99920652
533,95.99995422,105.99920652
534,95.99995422,105.99920652
535,95.99995422,105.99920652
536,95.99995422,105.99920652
537,94.99989319,105.99920652
538,94.99989319,105.99920652
539,94.99989319,105.99920652
540,94.99989319,105.99920652
541,94.99989319,105.99920652
542,94.99989319,105.99920652
543,94.99989319,105.99920652
544,94.99989319,107.99969481
545,94.99989319,107.99969481
546,94.99989319,107.99969481
547,94.99989319,107.99969481
548,94.99989319,107.99969481
549,94.99989319,107.99969481
550,94.99989319,107.99969481
551,94.99989319,107.99969481
552,94.99989319,107.99969481
553,94.99989319,107.99969481
554,94.99989319,107.99969481
555,94.99989319,107.99969481
556,94.99989319,107.99969481
557,94.99989319,107.99969481
558,94.99989319,107.99969481
559,94.99989319,107.99969481
560,94.99989319,107.99969481
561,94.99989319,107.99969481
562,94.99989319,107.99969481
563,94.99989319,107.99969481
564,94.99989319,107.99969481
565,94.99989319,107.99969481
566,94.99989319,107.99969481
567,94.99989319,107.99969481
568,94.00010681,107.99969481
569,93.00004578,107.99969481
570,94.00010681,107.99969481
571,94.00010681,107.99969481
572,94.00010681,107.99969481
573,94.00010681,107.99969481
574,94.00010681,107.99969481
575,94.00010681,107.99969481
576,94.00010681,107.99969481
577,94.00010681,107.99969481
578,94.00010681,107.99969481
579,94.00010681,107.99969481
580,94.00010681,108.99935911
581,94.00010681,108.99935911
582,94.00010681,109.99902341
583,94.00010681,109.99902341
584,94.00010681,109.99902341
585,94.00010681,109.99902341
586,94.00010681,111.99951170
587,94.00010681,111.99951170
588,94.00010681,111.99951170
589,94.00010681,112.99917600
590,94.00010681,112.99917600
591,94.00010681,112.99917600
592,93.00004578,114.00000000
593,93.00004578,114.00000000
594,93.00004578,114.00000000
595,93.00004578,114.99966430
596,93.00004578,114.99966430
597,93.00004578,114.99966430
598,93.00004578,114.99966430
599,93.00004578,114.99966430
600,93.00004578,114.99966430
601,93.00004578,114.99966430
602,93.00004578,114.99966430
603,93.00004578,114.99966430
604,92.00012207,114.99966430
605,92.00012207,114.99966430
606,92.00012207,114.99966430
607,93.00004578,115.99932859
608,93.00004578,115.99932859
609,94.00010681,116.99899289
610,94.00010681,116.99899289
611,94.00010681,116.99899289
612,94.99989319,118.99948119
613,94.00010681,118.99948119
614,94.00010681,118.99948119
615,94.99989319,119.99914548
616,94.99989319,121.99963378
617,96.99987793,123.99896237
618,96.99987793,125.99945067
619,97.99993896,127.99993896
620,97.99993896,126.99911496
621,97.99993896,126.99911496
622,97.99993896,126.99911496
623,99.00000000,126.99911496
624,99.00000000,126.99911496
625,99.00000000,125.99945067
626,97.99993896,125.99945067
627,95.99995422,110.99984741
628,96.99987793,106.99887082
629,96.99987793,106.99887082
630,96.99987793,106.99887082
631,96.99987793,106.99887082
632,96.99987793,106.99887082
633,96.99987793,106.99887082
634,96.99987793,102.99905393
635,95.99995422,100.99972533
636,95.99995422,97.99957274
637,95.99995422,94.99942015
638,95.99995422,89.00027467
639,94.99989319,85.00045778
640,94.99989319,80.00097659
641,94.99989319,79.00015259
642,94.99989319,76.00000000
643,94.99989319,75.00033570
644,94.99989319,71.00051881
645,94.99989319,68.00036622
646,94.99989319,67.00070193
647,94.99989319,67.00070193
648,94.99989319,66.00103763
649,95.99995422,65.00021363
650,95.99995422,64.00054933
651,95.99995422,64.00054933
652,96.99987793,63.00088504
653,96.99987793,63.00088504
654,96.99987793,63.00088504
655,96.99987793,63.00088504
656,95.99995422,64.00054933
657,95.99995422,63.00088504
658,95.99995422,63.00088504
659,95.99995422,63.00088504
660,95.99995422,64.00054933
661,95.99995422,65.00021363
662,95.99995422,66.00103763
663,95.99995422,66.00103763
664,95.99995422,68.00036622
665,95.99995422,68.00036622
666,95.99995422,68.00036622
667,95.99995422,68.00036622
668,95.99995422,67.00070193
669,95.99995422,66.00103763
670,95.99995422,66.00103763
671,94.99989319,66.00103763
672,94.99989319,63.00088504
673,94.99989319,63.00088504
674,94.99989319,63.00088504
675,94.99989319,64.00054933
676,94.99989319,64.00054933
677,94.99989319,65.00021363
678,94.99989319,68.00036622
679,94.99989319,68.00036622
680,94.99989319,68.00036622
681,94.99989319,64.00054933
682,94.99989319,64.00054933
683,94.99989319,61.00039674
684,94.00010681,60.00073244
685,94.00010681,59.00106815
686,94.00010681,58.00024415
687,94.00010681,56.00091556
688,94.00010681,56.00091556
689,94.99989319,56.00091556
690,94.99989319,55.00009156
691,94.99989319,55.00009156
692,95.99995422,56.00091556
693,95.99995422,56.00091556
694,95.99995422,56.00091556
695,95.99995422,57.00057985
696,95.99995422,57.00057985
697,95.99995422,57.00057985
698,95.99995422,58.00024415
699,95.99995422,58.00024415
700,95.99995422,58.00024415
701,95.99995422,58.00024415
702,95.99995422,58.00024415
703,95.99995422,58.00024415
704,95.99995422,59.00106815
705,95.99995422,59.00106815
706,95.99995422,60.00073244
707,94.99989319,60.00073244
708,94.99989319,60.00073244
709,94.99989319,60.00073244
710,94.99989319,61.00039674
711,94.99989319,61.00039674
712,94.99989319,61.00039674
713,94.99989319,61.00039674
714,94.99989319,61.00039674
715,94.99989319,61.00039674
716,94.99989319,61.00039674
717,94.99989319,61.00039674
718,94.99989319,61.00039674
719,94.99989319,61.00039674
720,94.99989319,61.00039674
721,94.99989319,61.00039674
722,94.99989319,61.00039674
723,94.99989319,61.00039674
724,94.99989319,61.00039674
725,94.99989319,61.00039674
726,94.99989319,61.00039674
727,94.99989319,62.00006104
728,94.99989319,62.00006104
729,94.99989319,62.00006104
730,94.99989319,63.00088504
731,94.99989319,63.00088504
732,94.99989319,65.00021363
733,94.00010681,69.00003052
734,94.00010681,69.00003052
735,94.00010681,69.00003052
736,94.00010681,70.00085452
737,94.00010681,68.00036622
738,94.00010681,66.00103763
739,94.00010681,64.00054933
740,94.00010681,63.00088504
741,94.00010681,63.00088504
742,94.99989319,63.00088504
743,94.99989319,65.00021363
744,94.99989319,63.00088504
745,94.99989319,65.00021363
746,94.99989319,63.00088504
747,94.99989319,61.00039674
748,94.00010681,60.00073244
749,94.00010681,59.00106815
750,94.00010681,58.00024415
751,94.00010681,57.00057985
752,94.00010681,57.00057985
753,94.99989319,56.00091556
754,94.99989319,58.00024415
755,94.99989319,57.00057985
756,94.99989319,57.00057985
757,94.99989319,62.00006104
758,94.99989319,64.00054933
759,94.99989319,62.00006104
760,94.99989319,60.00073244
761,94.99989319,59.00106815
762,94.99989319,59.00106815
763,94.99989319,58.00024415
764,94.99989319,57.00057985
765,94.99989319,56.00091556
766,94.99989319,56.00091556
767,94.99989319,56.00091556
768,94.99989319,57.00057985
769,94.99989319,58.00024415
770,94.99989319,58.00024415
771,95.99995422,58.00024415
772,95.99995422,59.00106815
773,96.99987793,60.00073244
774,96.99987793,60.00073244
775,96.99987793,61.00039674
776,96.99987793,62.00006104
777,97.99993896,62.00006104
778,97.99993896,62.00006104
779,97.99993896,62.00006104
780,97.99993896,62.00006104
781,97.99993896,62.00006104
782,96.99987793,62.00006104
783,96.99987793,61.00039674
784,96.99987793,61.00039674
785,96.99987793,61.00039674
786,95.99995422,62.00006104
787,96.99987793,61.00039674
788,96.99987793,62.00006104
789,96.99987793,62.00006104
790,96.99987793,63.00088504
791,95.99995422,63.00088504
792,95.99995422,63.00088504
793,95.99995422,62.00006104
794,95.99995422,62.00006104
795,95.99995422,62.00006104
796,95.99995422,62.00006104
797,95.99995422,62.00006104
798,95.99995422,62.00006104
799,95.99995422,62.00006104
800,95.99995422,62.00006104
801,95.99995422,62.00006104
802,95.99995422,62.00006104
803,96.99987793,62.00006104
804,96.99987793,62.00006104
805,96.99987793,61.00039674
806,95.99995422,61.00039674
807,95.99995422,61.00039674
808,95.99995422,61.00039674
809,95.99995422,61.00039674
810,95.99995422,61.00039674
811,95.99995422,61.00039674
812,95.99995422,61.00039674
813,95.99995422,60.00073244
814,95.99995422,60.00073244
815,95.99995422,60.00073244
816,95.99995422,60.00073244
817,95.99995422,60.00073244
818,95.99995422,60.00073244
819,95.99995422,60.00073244
820,95.99995422,60.00073244
821,95.99995422,60.00073244
822,95.99995422,59.00106815
823,95.99995422,59.00106815
824,95.99995422,59.00106815
825,95.99995422,59.00106815
826,95.99995422,59.00106815
827,95.99995422,59.00106815
828,95.99995422,59.00106815
829,95.99995422,59.00106815
830,95.99995422,59.00106815
831,95.99995422,59.00106815
832,95.99995422,59.00106815
833,94.99989319,62.00006104
834,94.99989319,63.00088504
835,94.99989319,61.00039674
836,94.00010681,63.00088504
837,94.00010681,64.00054933
838,94.00010681,64.00054933
839,94.00010681,63.00088504
840,94.00010681,62.00006104
841,94.00010681,61.00039674
842,94.00010681,61.00039674
843,93.00004578,61.00039674
844,94.00010681,60.00073244
845,94.99989319,60.00073244
846,94.99989319,61.00039674
847,94.99989319,61.00039674
848,95.99995422,61.00039674
849,95.99995422,61.00039674
850,95.99995422,62.00006104
851,95.99995422,65.00021363
852,95.99995422,69.00003052
853,95.99995422,69.00003052
854,96.99987793,69.00003052
855,96.99987793,70.00085452
856,96.99987793,68.00036622
857,95.99995422,64.00054933
858,95.99995422,63.00088504
859,95.99995422,65.00021363
860,95.99995422,65.00021363
861,95.99995422,66.00103763
862,95.99995422,66.00103763
863,95.99995422,66.00103763
864,95.99995422,66.00103763
865,95.99995422,66.00103763
866,95.99995422,66.00103763
867,95.99995422,66.00103763
868,95.99995422,66.00103763
869,95.99995422,65.00021363
870,95.99995422,65.00021363
871,95.99995422,64.00054933
872,95.99995422,64.00054933
873,95.99995422,63.00088504
874,95.99995422,63.00088504
875,95.99995422,63.00088504
876,95.99995422,64.00054933
877,95.99995422,66.00103763
878,95.99995422,66.00103763
879,95.99995422,67.00070193
880,95.99995422,66.00103763
881,95.99995422,66.00103763
882,94.99989319,65.00021363
883,94.99989319,65.00021363
884,94.99989319,68.00036622
885,94.99989319,68.00036622
886,94.99989319,69.00003052
887,94.99989319,68.00036622
888,94.99989319,68.00036622
889,94.99989319,68.00036622
890,94.99989319,71.00051881
891,94.99989319,71.00051881
892,94.00010681,73.00100711
893,94.00010681,74.00067141
894,94.00010681,76.00000000
895,94.00010681,77.00082400
896,94.00010681,77.00082400
897,94.00010681,76.00000000
898,94.00010681,75.00033570
899,94.00010681,73.00100711
900,94.00010681,71.00051881
901,93.00004578,70.00085452
902,93.00004578,69.00003052
903,93.00004578,69.00003052
904,93.00004578,68.00036622
905,92.00012207,68.00036622
906,92.00012207,68.00036622
907,93.00004578,67.00070193
908,93.00004578,67.00070193
909,93.00004578,66.00103763
910,93.00004578,66.00103763
911,94.00010681,65.00021363
912,94.00010681,65.00021363
913,94.00010681,65.00021363
914,94.99989319,64.00054933
915,94.99989319,64.00054933
916,94.99989319,64.00054933
917,95.99995422,63.00088504
918,94.99989319,63.00088504
919,94.99989319,64.00054933
920,95.99995422,70.00085452
921,95.99995422,74.00067141
922,95.99995422,74.00067141
923,94.99989319,74.00067141
924,94.99989319,72.00018311
925,94.99989319,67.00070193
926,94.99989319,66.00103763
927,92.00012207,64.00054933
928,92.00012207,64.00054933
929,92.00012207,64.00054933
930,92.00012207,64.00054933
931,92.00012207,64.00054933
932,92.00012207,64.00054933
933,92.00012207,64.00054933
934,92.00012207,64.00054933
935,92.00012207,65.00021363
936,93.00004578,69.00003052
937,93.00004578,69.00003052
938,93.00004578,69.00003052
939,93.00004578,69.00003052
940,93.00004578,69.00003052
941,93.00004578,69.00003052
942,93.00004578,71.00051881
943,93.00004578,71.00051881
944,94.99989319,76.00000000
945,92.00012207,76.00000000
946,92.00012207,76.00000000
947,90.00000000,76.00000000
948,90.00000000,79.00015259
949,91.00006104,86.00012207
950,91.00006104,86.00012207
951,91.00006104,86.00012207
952,91.00006104,86.00012207
953,93.00004578,88.00061037
954,94.99989319,90.99960326
955,94.99989319,90.99960326
956,94.99989319,90.99960326
957,94.99989319,90.99960326
958,94.99989319,90.99960326
959,94.99989319,90.99960326
960,94.99989319,90.99960326
961,94.99989319,90.99960326
962,94.99989319,90.99960326
963,94.99989319,90.99960326
964,94.99989319,90.99960326
965,94.99989319,90.99960326
966,94.99989319,90.99960326
967,94.99989319,90.99960326
968,94.99989319,90.99960326
969,94.99989319,91.99926756
970,95.99995422,93.99975585
971,94.99989319,98.99923704
972,94.99989319,103.99987793
973,94.99989319,105.99920652
974,94.99989319,107.99969481
975,95.99995422,109.99902341
976,95.99995422,110.99984741
977,95.99995422,112.99917600
978,95.99995422,112.99917600
979,95.99995422,115.99932859
980,95.99995422,115.99932859
981,95.99995422,115.99932859
982,95.99995422,114.99966430
983,95.99995422,114.99966430
984,95.99995422,114.00000000
985,95.99995422,114.99966430
986,95.99995422,114.00000000
987,95.99995422,114.99966430
988,95.99995422,115.99932859
989,95.99995422,116.99899289
990,95.99995422,116.99899289
991,95.99995422,117.99981689
992,95.99995422,119.99914548
993,95.99995422,119.99914548
994,95.99995422,120.99996948
995,95.99995422,122.99929807
996,95.99995422,122.99929807
997,94.99989319,121.99963378
998,94.99989319,121.99963378
999,94.99989319,121.99963378
1000,94.99989319,122.99929807
1001,94.99989319,123.99896237
1002,94.99989319,124.99978637
1003,94.99989319,124.99978637
1004,94.99989319,125.99945067
1005,95.99995422,127.99993896
1006,95.99995422,128.99960326
1007,94.99989319,127.99993896
1008,94.99989319,127.99993896
1009,94.99989319,127.99993896
1010,94.99989319,126.99911496
1011,94.99989319,126.99911496
1012,95.99995422,126.99911496
1013,95.99995422,125.99945067
1014,95.99995422,126.99911496
1015,95.99995422,126.99911496
1016,95.99995422,126.99911496
1017,95.99995422,126.99911496
1018,95.99995422,125.99945067
1019,95.99995422,125.99945067
1020,95.99995422,124.99978637
1021,95.99995422,123.99896237
1022,95.99995422,123.99896237
1023,95.99995422,123.99896237
1024,95.99995422,123.99896237
1025,95.99995422,123.99896237
1026,95.99995422,125.99945067
1027,95.99995422,124.99978637
1028,96.99987793,122.99929807
1029,96.99987793,120.99996948
1030,96.99987793,119.99914548
1031,97.99993896,119.99914548
1032,96.99987793,119.99914548
1033,96.99987793,119.99914548
1034,96.99987793,119.99914548
1035,96.99987793,120.99996948
1036,96.99987793,120.99996948
1037,96.99987793,121.99963378
1038,96.99987793,121.99963378
1039,96.99987793,120.99996948
1040,96.99987793,120.99996948
1041,96.99987793,120.99996948
1042,96.99987793,121.99963378
1043,96.99987793,122.99929807
1044,96.99987793,124.99978637
1045,96.99987793,124.99978637
1046,96.99987793,124.99978637
1047,96.99987793,123.99896237
1048,96.99987793,123.99896237
1049,96.99987793,123.99896237
1050,96.99987793,123.99896237
1051,96.99987793,122.99929807
1052,96.99987793,122.99929807
1053,97.99993896,121.99963378
1054,97.99993896,122.99929807
1055,97.99993896,122.99929807
1056,97.99993896,123.99896237
1057,97.99993896,123.99896237
1058,97.99993896,123.99896237
1059,97.99993896,123.99896237
1060,97.99993896,123.99896237
1061,97.99993896,123.99896237
1062,97.99993896,123.99896237
1063,97.99993896,123.99896237
1064,97.99993896,123.99896237
1065,97.99993896,121.99963378
1066,97.99993896,120.99996948
1067,97.99993896,118.99948119
1068,97.99993896,118.99948119
1069,97.99993896,118.99948119
1070,97.99993896,118.99948119
1071,97.99993896,116.99899289
1072,97.99993896,114.99966430
1073,97.99993896,114.00000000
1074,97.99993896,109.99902341
1075,97.99993896,109.99902341
1076,97.99993896,107.99969481
1077,97.99993896,107.99969481
1078,97.99993896,109.99902341
1079,97.99993896,110.99984741
1080,97.99993896,112.99917600
1081,97.99993896,111.99951170
1082,97.99993896,111.99951170
1083,97.99993896,109.99902341
1084,97.99993896,108.99935911
1085,99.00000000,107.99969481
1086,97.99993896,108.99935911
1087,97.99993896,107.99969481
1088,97.99993896,108.99935911
1089,97.99993896,109.99902341
1090,97.99993896,109.99902341
1091,97.99993896,108.99935911
1092,99.00000000,102.99905393
1093,97.99993896,100.99972533
1094,97.99993896,100.99972533
1095,97.99993896,99.99890133
1096,97.99993896,100.99972533
1097,97.99993896,100.99972533
1098,97.99993896,99.99890133
1099,97.99993896,98.99923704
1100,97.99993896,98.99923704
1101,97.99993896,102.99905393
1102,97.99993896,102.99905393
1103,97.99993896,102.99905393
1104,97.99993896,106.99887082
1105,97.99993896,106.99887082
1106,97.99993896,106.99887082
1107,97.99993896,106.99887082
1108,97.99993896,106.99887082
1109,97.99993896,107.99969481
1110,96.99987793,106.99887082
1111,96.99987793,105.99920652
1112,96.99987793,103.99987793
1113,96.99987793,103.99987793
1114,96.99987793,107.99969481
1115,96.99987793,106.99887082
1116,96.99987793,106.99887082
1117,97.99993896,105.99920652
1118,97.99993896,105.99920652
1119,96.99987793,105.99920652
1120,96.99987793,104.99954222
1121,96.99987793,104.99954222
1122,96.99987793,104.99954222
1123,97.99993896,106.99887082
1124,97.99993896,109.99902341
1125,97.99993896,110.99984741
1126,97.99993896,109.99902341
1127,97.99993896,107.99969481
1128,97.99993896,106.99887082
1129,97.99993896,108.99935911
1130,97.99993896,108.99935911
1131,97.99993896,108.99935911
1132,97.99993896,108.99935911
1133,97.99993896,108.99935911
1134,97.99993896,108.99935911
1135,97.99993896,109.99902341
1136,97.99993896,109.99902341
1137,97.99993896,108.99935911
1138,97.99993896,109.99902341
1139,97.99993896,108.99935911
1140,97.99993896,107.99969481
1141,97.99993896,106.99887082
1142,96.99987793,105.99920652
1143,96.99987793,105.99920652
1144,96.99987793,104.99954222
1145,96.99987793,104.99954222
1146,97.99993896,103.99987793
1147,96.99987793,103.99987793
1148,96.99987793,103.99987793
1149,96.99987793,104.99954222
1150,97.99993896,105.99920652
1151,97.99993896,105.99920652
1152,97.99993896,105.99920652
1153,97.99993896,105.99920652
1154,97.99993896,104.99954222
1155,97.99993896,104.99954222
1156,97.99993896,104.99954222
1157,97.99993896,104.99954222
1158,97.99993896,104.99954222
1159,97.99993896,104.99954222
1160,97.99993896,104.99954222
1161,97.99993896,104.99954222
1162,97.99993896,104.99954222
1163,97.99993896,104.99954222
1164,97.99993896,104.99954222
1165,97.99993896,104.99954222
1166,97.99993896,104.99954222
1167,97.99993896,104.99954222
1168,97.99993896,104.99954222
1169,97.99993896,104.99954222
1170,97.99993896,104.99954222
1171,97.99993896,104.99954222
1172,97.99993896,104.99954222
1173,97.99993896,104.99954222
1174,97.99993896,104.99954222
1175,97.99993896,104.99954222
1176,97.99993896,104.99954222
1177,96.99987793,104.99954222
1178,95.99995422,104.99954222
1179,95.99995422,104.99954222
1180,95.99995422,104.99954222
1181,95.99995422,104.99954222
1182,95.99995422,104.99954222
1183,95.99995422,104.99954222
1184,95.99995422,104.99954222
1185,96.99987793,102.99905393
1186,96.99987793,102.99905393
1187,96.99987793,102.99905393
1188,96.99987793,102.99905393
1189,96.99987793,99.99890133
1190,96.99987793,99.99890133
1191,96.99987793,98.99923704
1192,96.99987793,97.99957274
1193,96.99987793,97.99957274
1194,96.99987793,97.99957274
1195,96.99987793,93.99975585
1196,96.99987793,92.99893185
1197,96.99987793,90.99960326
1198,96.99987793,90.99960326
1199,96.99987793,90.99960326
1200,96.99987793,90.99960326
1201,95.99995422,91.99926756
1202,95.99995422,94.99942015
1203,95.99995422,95.99908444
1204,95.99995422,95.99908444
1205,95.99995422,96.99990844
1206,96.99987793,97.99957274
1207,96.99987793,97.99957274
1208,96.99987793,97.99957274
1209,95.99995422,97.99957274
1210,95.99995422,97.99957274
1211,95.99995422,96.99990844
1212,95.99995422,96.99990844
1213,95.99995422,96.99990844
1214,95.99995422,96.99990844
1215,95.99995422,96.99990844
1216,95.99995422,96.99990844
1217,95.99995422,96.99990844
1218,95.99995422,96.99990844
1219,95.99995422,96.99990844
1220,95.99995422,97.99957274
1221,96.99987793,97.99957274
1222,96.99987793,97.99957274
1223,96.99987793,97.99957274
1224,96.99987793,97.99957274
1225,96.99987793,97.99957274
1226,96.99987793,97.99957274
1227,96.99987793,97.99957274
1228,96.99987793,97.99957274
1229,96.99987793,97.99957274
1230,94.99989319,97.99957274
1231,94.99989319,97.99957274
1232,94.99989319,97.99957274
1233,94.99989319,97.99957274
1234,94.99989319,97.99957274
1235,94.99989319,97.99957274
1236,94.99989319,97.99957274
1237,94.99989319,97.99957274
1238,94.99989319,97.99957274
1239,94.99989319,97.99957274
1240,94.99989319,97.99957274
1241,94.99989319,97.99957274
1242,94.99989319,97.99957274
1243,94.99989319,97.99957274
1244,94.99989319,97.99957274
1245,94.99989319,97.99957274
1246,94.99989319,97.99957274
1247,94.99989319,97.99957274
1248,94.99989319,97.99957274
1249,94.99989319,97.99957274
1250,94.99989319,97.99957274
1251,94.99989319,97.99957274
1252,94.99989319,97.99957274
1253,94.99989319,97.99957274
1254,94.99989319,97.99957274
1255,94.99989319,97.99957274
1256,94.99989319,98.99923704
1257,94.99989319,98.99923704
1258,94.99989319,98.99923704
1259,94.99989319,98.99923704
1260,94.99989319,99.99890133
1261,95.99995422,100.99972533
1262,95.99995422,100.99972533
1263,95.99995422,100.99972533
1264,95.99995422,100.99972533
1265,95.99995422,100.99972533
1266,95.99995422,100.99972533
1267,95.99995422,100.99972533
1268,95.99995422,100.99972533
1269,95.99995422,102.99905393
1270,95.99995422,102.99905393
1271,95.99995422,102.99905393
1272,95.99995422,104.99954222
1273,95.99995422,104.99954222
1274,95.99995422,104.99954222
1275,95.99995422,104.99954222
1276,95.99995422,104.99954222
1277,95.99995422,105.99920652
1278,95.99995422,105.99920652
1279,95.99995422,105.99920652
1280,95.99995422,105.99920652
1281,94.99989319,105.99920652
1282,94.99989319,105.99920652
1283,94.99989319,105.99920652
1284,94.99989319,105.99920652
1285,94.99989319,105.99920652
1286,94.99989319,107.99969481
1287,94.99989319,107.99969481
1288,95.99995422,108.99935911
1289,95.99995422,108.99935911
1290,95.99995422,107.99969481
1291,96.99987793,108.99935911
1292,96.99987793,108.99935911
1293,95.99995422,108.99935911
1294,95.99995422,107.99969481
1295,95.99995422,106.99887082
1296,95.99995422,106.99887082
1297,95.99995422,106.99887082
1298,95.99995422,106.99887082
1299,95.99995422,106.99887082
1300,95.99995422,106.99887082
1301,95.99995422,106.99887082
1302,95.99995422,106.99887082
1303,95.99995422,106.99887082
1304,94.99989319,106.99887082
1305,94.99989319,106.99887082
1306,94.99989319,106.99887082
1307,95.99995422,105.99920652
1308,95.99995422,104.99954222
1309,95.99995422,102.99905393
1310,95.99995422,102.99905393
1311,95.99995422,103.99987793
1312,95.99995422,103.99987793
1313,95.99995422,103.99987793
1314,95.99995422,103.99987793
1315,95.99995422,102.99905393
1316,95.99995422,103.99987793
1317,95.99995422,103.99987793
1318,95.99995422,103.99987793
1319,95.99995422,103.99987793
1320,95.99995422,103.99987793
1321,95.99995422,103.99987793
1322,96.99987793,103.99987793
1323,96.99987793,103.99987793
1324,96.99987793,99.99890133
1325,96.99987793,99.99890133
1326,96.99987793,99.99890133
1327,96.99987793,99.99890133
1328,96.99987793,99.99890133
1329,96.99987793,99.99890133
1330,96.99987793,99.99890133
1331,96.99987793,98.99923704
1332,96.99987793,96.99990844
1333,96.99987793,93.99975585
1334,96.99987793,90.00109867
1335,97.99993896,86.00012207
1336,97.99993896,82.00030519
1337,97.99993896,79.00015259
1338,97.99993896,75.00033570
1339,97.99993896,72.00018311
1340,97.99993896,70.00085452
1341,97.99993896,68.00036622
1342,97.99993896,66.00103763
1343,97.99993896,65.00021363
1344,97.99993896,64.00054933
1345,97.99993896,63.00088504
1346,97.99993896,63.00088504
1347,97.99993896,63.00088504
1348,97.99993896,63.00088504
1349,97.99993896,63.00088504
1350,97.99993896,63.00088504
1351,97.99993896,63.00088504
1352,97.99993896,63.00088504
1353,97.99993896,63.00088504
1354,97.99993896,63.00088504
1355,97.99993896,63.00088504
1356,97.99993896,63.00088504
1357,97.99993896,63.00088504
1358,97.99993896,63.00088504
1359,97.99993896,63.00088504
1360,97.99993896,62.00006104
1361,97.99993896,62.00006104
1362,97.99993896,64.00054933
1363,97.99993896,64.00054933
1364,97.99993896,67.00070193
1365,97.99993896,68.00036622
1366,97.99993896,68.00036622
1367,97.99993896,68.00036622
1368,97.99993896,68.00036622
1369,97.99993896,67.00070193
1370,97.99993896,68.00036622
1371,96.99987793,70.00085452
1372,96.99987793,73.00100711
1373,96.99987793,73.00100711
1374,96.99987793,74.00067141
1375,96.99987793,75.00033570
1376,96.99987793,72.00018311
1377,96.99987793,68.00036622
1378,96.99987793,64.00054933
1379,96.99987793,63.00088504
1380,96.99987793,61.00039674
1381,96.99987793,61.00039674
1382,96.99987793,61.00039674
1383,96.99987793,60.00073244
1384,96.99987793,59.00106815
1385,96.99987793,59.00106815
1386,96.99987793,58.00024415
1387,96.99987793,58.00024415
1388,96.99987793,58.00024415
1389,96.99987793,58.00024415
1390,96.99987793,59.00106815
1391,96.99987793,59.00106815
1392,96.99987793,59.00106815
1393,97.99993896,60.00073244
1394,97.99993896,60.00073244
1395,97.99993896,61.00039674
1396,97.99993896,62.00006104
1397,97.99993896,62.00006104
1398,97.99993896,65.00021363
1399,97.99993896,66.00103763
1400,97.99993896,65.00021363
1401,97.99993896,65.00021363
1402,97.99993896,65.00021363
1403,97.99993896,65.00021363
1404,97.99993896,65.00021363
1405,97.99993896,65.00021363
1406,97.99993896,66.00103763
1407,97.99993896,66.00103763
1408,97.99993896,66.00103763
1409,96.99987793,65.00021363
1410,96.99987793,65.00021363
1411,96.99987793,65.00021363
1412,96.99987793,64.00054933
1413,96.99987793,63.00088504
1414,96.99987793,63.00088504
1415,97.99993896,63.00088504
1416,97.99993896,63.00088504
1417,97.99993896,63.00088504
1418,97.99993896,63.00088504
1419,97.99993896,63.00088504
1420,97.99993896,64.00054933
1421,97.99993896,64.00054933
1422,97.99993896,64.00054933
1423,97.99993896,64.00054933
1424,97.99993896,64.00054933
1425,97.99993896,64.00054933
1426,97.99993896,65.00021363
1427,96.99987793,65.00021363
1428,96.99987793,66.00103763
1429,96.99987793,65.00021363
1430,96.99987793,66.00103763
1431,96.99987793,65.00021363
1432,96.99987793,64.00054933
1433,96.99987793,64.00054933
1434,96.99987793,64.00054933
1435,96.99987793,64.00054933
1436,96.99987793,63.00088504
1437,96.99987793,63.00088504
1438,96.99987793,63.00088504
1439,96.99987793,63.00088504
1440,96.99987793,63.00088504
1441,96.99987793,63.00088504
1442,96.99987793,63.00088504
1443,96.99987793,63.00088504
1444,96.99987793,63.00088504
1445,96.99987793,63.00088504
1446,96.99987793,64.00054933
1447,96.99987793,65.00021363
1448,96.99987793,65.00021363
1449,96.99987793,65.00021363
1450,96.99987793,64.00054933
1451,96.99987793,64.00054933
1452,97.99993896,64.00054933
1453,97.99993896,64.00054933
1454,97.99993896,64.00054933
1455,97.99993896,63.00088504
1456,97.99993896,63.00088504
1457,97.99993896,63.00088504
1458,97.99993896,65.00021363
1459,97.99993896,65.00021363
1460,97.99993896,67.00070193
1461,97.99993896,66.00103763
1462,97.99993896,65.00021363
1463,97.99993896,64.00054933
1464,97.99993896,64.00054933
1465,97.99993896,65.00021363
1466,97.99993896,65.00021363
1467,96.99987793,66.00103763
1468,96.99987793,66.00103763
1469,96.99987793,65.00021363
1470,96.99987793,65.00021363
1471,96.99987793,64.00054933
1472,96.99987793,65.00021363
1473,96.99987793,64.00054933
1474,96.99987793,65.00021363
1475,96.99987793,68.00036622
1476,96.99987793,69.00003052
1477,97.99993896,69.00003052
1478,96.99987793,69.00003052
1479,96.99987793,68.00036622
1480,96.99987793,67.00070193
1481,96.99987793,66.00103763
1482,96.99987793,67.00070193
1483,95.99995422,70.00085452
1484,95.99995422,70.00085452
1485,96.99987793,72.00018311
1486,96.99987793,72.00018311
1487,96.99987793,71.00051881
1488,96.99987793,71.00051881
1489,96.99987793,70.00085452
1490,96.99987793,70.00085452
1491,96.99987793,69.00003052
1492,95.99995422,69.00003052
1493,95.99995422,68.00036622
1494,95.99995422,67.00070193
1495,96.99987793,67.00070193
1496,96.99987793,65.00021363
1497,96.99987793,64.00054933
1498,96.99987793,64.00054933
1499,96.99987793,64.00054933
1500,96.99987793,63.00088504
1501,96.99987793,63.00088504
1502,96.99987793,62.00006104
1503,96.99987793,62.00006104
1504,96.99987793,61.00039674
1505,96.99987793,60.00073244
1506,96.99987793,59.00106815
1507,97.99993896,59.00106815
1508,97.99993896,58.00024415
1509,97.99993896,57.00057985
1510,97.99993896,57.00057985
1511,97.99993896,57.00057985
1512,97.99993896,57.00057985
1513,97.99993896,56.00091556
1514,97.99993896,56.00091556
1515,97.99993896,56.00091556
1516,97.99993896,56.00091556
1517,97.99993896,56.00091556
1518,97.99993896,56.00091556
1519,97.99993896,56.00091556
1520,97.99993896,55.00009156
1521,97.99993896,55.00009156
1522,97.99993896,55.00009156
1523,97.99993896,55.00009156
1524,97.99993896,55.00009156
1525,97.99993896,56.00091556
1526,97.99993896,56.00091556
1527,97.99993896,56.00091556
1528,97.99993896,56.00091556
1529,97.99993896,56.00091556
1530,97.99993896,56.00091556
1531,97.99993896,56.00091556
1532,97.99993896,57.00057985
1533,97.99993896,56.00091556
1534,97.99993896,58.00024415
1535,97.99993896,56.00091556
1536,97.99993896,55.00009156
1537,97.99993896,54.00042726
1538,97.99993896,53.00076296
1539,97.99993896,53.00076296
1540,97.99993896,53.00076296
1541,97.99993896,54.00042726
1542,97.99993896,54.00042726
1543,96.99987793,54.00042726
1544,96.99987793,55.00009156
1545,96.99987793,55.00009156
1546,96.99987793,55.00009156
1547,96.99987793,55.00009156
1548,96.99987793,55.00009156
1549,96.99987793,55.00009156
1550,96.99987793,56.00091556
1551,96.99987793,57.00057985
1552,96.99987793,57.00057985
1553,96.99987793,57.00057985
1554,96.99987793,57.00057985
1555,96.99987793,58.00024415
1556,96.99987793,58.00024415
1557,96.99987793,58.00024415
1558,96.99987793,58.00024415
1559,96.99987793,59.00106815
1560,96.99987793,60.00073244
1561,96.99987793,62.00006104
1562,96.99987793,62.00006104
1563,95.99995422,63.00088504
1564,96.99987793,63.00088504
1565,95.99995422,65.00021363
1566,95.99995422,66.00103763
1567,95.99995422,67.00070193
1568,95.99995422,68.00036622
1569,95.99995422,68.00036622
1570,95.99995422,67.00070193
1571,95.99995422,66.00103763
1572,95.99995422,65.00021363
1573,95.99995422,65.00021363
1574,95.99995422,65.00021363
1575,95.99995422,65.00021363
1576,95.99995422,65.00021363
1577,95.99995422,65.00021363
1578,95.99995422,64.00054933
1579,95.99995422,64.00054933
1580,95.99995422,64.00054933
1581,95.99995422,63.00088504
1582,95.99995422,62.00006104
1583,95.99995422,62.00006104
1584,95.99995422,62.00006104
1585,94.99989319,61.00039674
1586,94.99989319,61.00039674
1587,94.99989319,60.00073244
1588,94.99989319,60.00073244
1589,94.99989319,61.00039674
1590,94.99989319,61.00039674
1591,94.99989319,61.00039674
1592,94.99989319,61.00039674
1593,94.99989319,61.00039674
1594,94.99989319,61.00039674
1595,94.99989319,61.00039674
1596,94.99989319,61.00039674
1597,94.99989319,60.00073244
1598,95.99995422,61.00039674
1599,95.99995422,63.00088504
1600,95.99995422,63.00088504
1601,94.99989319,63.00088504
1602,94.99989319,64.00054933
1603,94.99989319,66.00103763
1604,94.99989319,68.00036622
1605,94.99989319,70.00085452
1606,94.99989319,70.00085452
1607,94.99989319,70.00085452
1608,94.99989319,69.00003052
1609,94.00010681,67.00070193
1610,94.00010681,66.00103763
1611,94.00010681,65.00021363
1612,94.00010681,64.00054933
1613,94.00010681,63.00088504
1614,94.00010681,63.00088504
1615,94.00010681,62.00006104
1616,94.00010681,60.00073244
1617,94.00010681,60.00073244
1618,94.00010681,59.00106815
1619,94.00010681,61.00039674
1620,94.00010681,60.00073244
1621,94.00010681,62.00006104
1622,94.00010681,60.00073244
1623,94.00010681,60.00073244
1624,94.00010681,58.00024415
1625,94.00010681,61.00039674
1626,94.00010681,61.00039674
1627,94.00010681,61.00039674
1628,94.00010681,61.00039674
1629,94.00010681,61.00039674
1630,93.00004578,61.00039674
1631,93.00004578,61.00039674
1632,91.00006104,61.00039674
1633,91.00006104,63.00088504
1634,91.00006104,63.00088504
1635,91.00006104,63.00088504
1636,91.00006104,63.00088504
1637,91.00006104,63.00088504
1638,91.00006104,63.00088504
1639,91.00006104,63.00088504
1640,91.00006104,63.00088504
1641,91.00006104,63.00088504
1642,91.00006104,63.00088504
1643,91.00006104,63.00088504
1644,91.00006104,63.00088504
1645,91.00006104,63.00088504
1646,91.00006104,63.00088504
1647,91.00006104,63.00088504
1648,91.00006104,63.00088504
1649,91.00006104,63.00088504
1650,91.00006104,63.00088504
1651,91.00006104,63.00088504
1652,91.00006104,63.00088504
1653,91.00006104,63.00088504
1654,91.00006104,63.00088504
1655,91.00006104,63.00088504
1656,91.00006104,63.00088504
1657,91.00006104,66.00103763
1658,91.00006104,66.00103763
1659,91.00006104,66.00103763
1660,91.00006104,66.00103763
1661,91.00006104,66.00103763
1662,91.00006104,66.00103763
1663,91.00006104,66.00103763
1664,91.00006104,66.00103763
1665,91.00006104,66.00103763
1666,91.00006104,66.00103763
1667,91.00006104,66.00103763
1668,91.00006104,66.00103763
1669,91.00006104,66.00103763
1670,91.00006104,66.00103763
1671,91.00006104,66.00103763
1672,91.00006104,66.00103763
1673,91.00006104,66.00103763
1674,91.00006104,66.00103763
1675,91.00006104,66.00103763
1676,91.00006104,66.00103763
1677,91.00006104,66.00103763
1678,91.00006104,66.00103763
1679,91.00006104,66.00103763
1680,91.00006104,66.00103763
1681,91.00006104,66.00103763
1682,91.00006104,66.00103763
1683,91.00006104,66.00103763
1684,91.00006104,68.00036622
1685,94.00010681,69.00003052
1686,94.00010681,68.00036622
1687,94.99989319,68.00036622
1688,95.99995422,70.00085452
1689,95.99995422,70.00085452
1690,95.99995422,71.00051881
1691,95.99995422,71.00051881
1692,96.99987793,71.00051881
1693,96.99987793,71.00051881
1694,96.99987793,71.00051881
1695,96.99987793,71.00051881
1696,96.99987793,71.00051881
1697,96.99987793,71.00051881
1698,96.99987793,71.00051881
1699,96.99987793,71.00051881
1700,96.99987793,71.00051881
1701,97.99993896,70.00085452
1702,97.99993896,69.00003052
1703,97.99993896,69.00003052
1704,97.99993896,70.00085452
1705,96.99987793,70.00085452
1706,96.99987793,69.00003052
1707,96.99987793,69.00003052
1708,96.99987793,69.00003052
1709,96.99987793,69.00003052
1710,96.99987793,69.00003052
1711,96.99987793,73.00100711
1712,96.99987793,76.00000000
1713,96.99987793,77.00082400
1714,96.99987793,77.00082400
1715,96.99987793,77.00082400
1716,96.99987793,81.00064089
1717,96.99987793,81.00064089
1718,96.99987793,81.00064089
1719,96.99987793,80.00097659
1720,96.99987793,81.00064089
1721,96.99987793,79.00015259
1722,96.99987793,79.00015259
1723,96.99987793,80.00097659
1724,96.99987793,78.00048830
1725,96.99987793,77.00082400
1726,96.99987793,76.00000000
1727,96.99987793,75.00033570
1728,95.99995422,74.00067141
1729,95.99995422,74.00067141
1730,95.99995422,74.00067141
1731,95.99995422,74.00067141
1732,95.99995422,74.00067141
1733,95.99995422,74.00067141
1734,95.99995422,74.00067141
1735,95.99995422,74.00067141
1736,95.99995422,74.00067141
1737,95.99995422,74.00067141
1738,95.99995422,74.00067141
1739,95.99995422,74.00067141
1740,95.99995422,76.00000000
1741,95.99995422,76.00000000
1742,95.99995422,75.00033570
1743,96.99987793,75.00033570
1744,95.99995422,71.00051881
1745,95.99995422,64.00054933
1746,95.99995422,62.00006104
1747,95.99995422,62.00006104
1748,95.99995422,66.00103763
1749,95.99995422,67.00070193
1750,95.99995422,70.00085452
1751,95.99995422,70.00085452
1752,95.99995422,73.00100711
1753,95.99995422,73.00100711
1754,95.99995422,73.00100711
1755,95.99995422,73.00100711
1756,95.99995422,73.00100711
1757,95.99995422,73.00100711
1758,95.99995422,73.00100711
1759,95.99995422,73.00100711
1760,95.99995422,73.00100711
1761,95.99995422,73.00100711
1762,95.99995422,73.00100711
1763,96.99987793,73.00100711
1764,95.99995422,72.00018311
1765,95.99995422,71.00051881
1766,95.99995422,69.00003052
1767,95.99995422,66.00103763
1768,95.99995422,66.00103763
1769,95.99995422,66.00103763
1770,95.99995422,66.00103763
1771,95.99995422,65.00021363
1772,95.99995422,65.00021363
1773,96.99987793,69.00003052
1774,96.99987793,69.00003052
1775,96.99987793,69.00003052
1776,96.99987793,69.00003052
1777,96.99987793,69.00003052
1778,96.99987793,72.00018311
1779,96.99987793,72.00018311
1780,96.99987793,72.00018311
1781,96.99987793,72.00018311
1782,96.99987793,72.00018311
1783,96.99987793,73.00100711
1784,96.99987793,73.00100711
1785,96.99987793,73.00100711
1786,96.99987793,73.00100711
1787,96.99987793,73.00100711
1788,96.99987793,73.00100711
1789,96.99987793,73.00100711
1790,96.99987793,73.00100711
1791,96.99987793,73.00100711
1792,96.99987793,73.00100711
1793,97.99993896,73.00100711
1794,97.99993896,73.00100711
1795,97.99993896,73.00100711
1796,97.99993896,74.00067141
1797,97.99993896,74.00067141
1798,96.99987793,73.00100711
1799,96.99987793,73.00100711
1800,96.99987793,73.00100711
1801,96.99987793,73.00100711
1802,96.99987793,73.00100711
1803,96.99987793,72.00018311
1804,96.99987793,72.00018311
1805,96.99987793,73.00100711
1806,96.99987793,72.00018311
1807,96.99987793,72.00018311
1808,96.99987793,73.00100711
1809,97.99993896,74.00067141
1810,97.99993896,73.00100711
1811,97.99993896,70.00085452
1812,97.99993896,67.00070193
1813,97.99993896,65.00021363
1814,97.99993896,65.00021363
1815,97.99993896,65.00021363
1816,97.99993896,64.00054933
1817,96.99987793,64.00054933
1818,96.99987793,64.00054933
1819,96.99987793,66.00103763
1820,96.99987793,66.00103763
1821,96.99987793,67.00070193
1822,96.99987793,64.00054933
1823,96.99987793,63.00088504
1824,95.99995422,62.00006104
1825,95.99995422,61.00039674
1826,95.99995422,62.00006104
1827,96.99987793,63.00088504
1828,96.99987793,63.00088504
1829,96.99987793,64.00054933
1830,96.99987793,62.00006104
1831,96.99987793,61.00039674
1832,97.99993896,60.00073244
1833,97.99993896,60.00073244
1834,97.99993896,62.00006104
1835,97.99993896,62.00006104
1836,97.99993896,67.00070193
1837,97.99993896,70.00085452
1838,97.99993896,73.00100711
1839,97.99993896,73.00100711
1840,97.99993896,75.00033570
1841,96.99987793,78.00048830
1842,96.99987793,78.00048830
1843,96.99987793,79.00015259
1844,96.99987793,80.00097659
1845,95.99995422,78.00048830
1846,95.99995422,77.00082400
1847,96.99987793,77.00082400
1848,96.99987793,75.00033570
1849,95.99995422,73.00100711
1850,95.99995422,71.00051881
1851,95.99995422,69.00003052
1852,94.99989319,68.00036622
1853,94.99989319,66.00103763
1854,94.99989319,65.00021363
1855,94.99989319,65.00021363
1856,94.99989319,64.00054933
1857,94.99989319,64.00054933
1858,94.99989319,63.00088504
1859,94.99989319,63.00088504
1860,94.99989319,64.00054933
1861,94.99989319,65.00021363
1862,95.99995422,67.00070193
1863,95.99995422,67.00070193
1864,95.99995422,67.00070193
1865,95.99995422,67.00070193
1866,95.99995422,66.00103763
1867,94.99989319,66.00103763
1868,94.99989319,65.00021363
1869,94.99989319,66.00103763
1870,94.99989319,66.00103763
1871,94.99989319,66.00103763
1872,94.99989319,67.00070193
1873,95.99995422,66.00103763
1874,95.99995422,64.00054933
1875,95.99995422,64.00054933
1876,95.99995422,63.00088504
1877,96.99987793,63.00088504
1878,95.99995422,64.00054933
1879,95.99995422,70.00085452
1880,95.99995422,70.00085452
1881,95.99995422,72.00018311
1882,95.99995422,72.00018311
1883,95.99995422,73.00100711
1884,95.99995422,75.00033570
1885,95.99995422,75.00033570
1886,95.99995422,77.00082400
1887,95.99995422,77.00082400
1888,95.99995422,78.00048830
1889,96.99987793,75.00033570
1890,95.99995422,72.00018311
1891,95.99995422,68.00036622
1892,95.99995422,67.00070193
1893,94.99989319,66.00103763
1894,94.99989319,66.00103763
1895,95.99995422,67.00070193
1896,95.99995422,69.00003052
1897,95.99995422,71.00051881
1898,95.99995422,73.00100711
1899,95.99995422,72.00018311
1900,95.99995422,70.00085452
1901,95.99995422,68.00036622
1902,95.99995422,67.00070193
1903,95.99995422,69.00003052
1904,95.99995422,69.00003052
1905,95.99995422,71.00051881
1906,95.99995422,71.00051881
1907,95.99995422,71.00051881
1908,95.99995422,71.00051881
1909,95.99995422,70.00085452
1910,95.99995422,69.00003052
1911,96.99987793,70.00085452
1912,96.99987793,70.00085452
1913,95.99995422,71.00051881
1914,95.99995422,70.00085452
1915,95.99995422,69.00003052
1916,95.99995422,69.00003052
1917,95.99995422,69.00003052
1918,95.99995422,69.00003052
1919,95.99995422,69.00003052
1920,95.99995422,69.00003052
1921,95.99995422,69.00003052
1922,95.99995422,69.00003052
1923,95.99995422,69.00003052
1924,95.99995422,69.00003052
1925,95.99995422,69.00003052
1926,95.99995422,69.00003052
1927,95.99995422,69.00003052
1928,96.99987793,73.00100711
1929,96.99987793,73.00100711
1930,96.99987793,72.00018311
1931,96.99987793,72.00018311
1932,96.99987793,72.00018311
1933,96.99987793,72.00018311
1934,96.99987793,72.00018311
1935,96.99987793,72.00018311
1936,96.99987793,72.00018311
1937,96.99987793,72.00018311
1938,96.99987793,72.00018311
1939,96.99987793,72.00018311
1940,96.99987793,72.00018311
1941,96.99987793,72.00018311
1942,96.99987793,73.00100711
1943,96.99987793,77.00082400
1944,96.99987793,77.00082400
1945,96.99987793,79.00015259
1946,96.99987793,79.00015259
1947,96.99987793,79.00015259
1948,96.99987793,81.00064089
1949,96.99987793,81.00064089
1950,96.99987793,79.00015259
1951,96.99987793,78.00048830
1952,96.99987793,76.00000000
1953,96.99987793,75.00033570
1954,96.99987793,75.00033570
1955,96.99987793,75.00033570
1956,96.99987793,76.00000000
1957,96.99987793,76.00000000
1958,96.99987793,76.00000000
1959,96.99987793,77.00082400
1960,96.99987793,77.00082400
1961,96.99987793,77.00082400
1962,96.99987793,77.00082400
1963,96.99987793,77.00082400
1964,96.99987793,77.00082400
1965,96.99987793,77.00082400
1966,96.99987793,77.00082400
1967,96.99987793,77.00082400
1968,96.99987793,77.00082400
1969,96.99987793,78.00048830
1970,96.99987793,78.00048830
1971,96.99987793,78.00048830
1972,96.99987793,78.00048830
1973,96.99987793,77.00082400
1974,96.99987793,76.00000000
1975,96.99987793,76.00000000
1976,96.99987793,75.00033570
1977,95.99995422,75.00033570
1978,95.99995422,75.00033570
1979,96.99987793,75.00033570
1980,96.99987793,77.00082400
1981,96.99987793,77.00082400
1982,96.99987793,79.00015259
1983,96.99987793,79.00015259
1984,95.99995422,80.00097659
1985,96.99987793,81.00064089
1986,96.99987793,81.00064089
1987,96.99987793,79.00015259
1988,96.99987793,78.00048830
1989,96.99987793,77.00082400
1990,96.99987793,77.00082400
1991,96.99987793,78.00048830
1992,96.99987793,78.00048830
1993,96.99987793,78.00048830
1994,96.99987793,78.00048830
1995,96.99987793,79.00015259
1996,96.99987793,77.00082400
1997,96.99987793,75.00033570
1998,96.99987793,74.00067141
1999,96.99987793,72.00018311
2000,96.99987793,74.00067141
2001,96.99987793,74.00067141
2002,96.99987793,77.00082400
2003,96.99987793,79.00015259
2004,96.99987793,79.00015259
2005,96.99987793,79.00015259
2006,96.99987793,78.00048830
2007,96.99987793,78.00048830
2008,96.99987793,78.00048830
2009,96.99987793,78.00048830
2010,96.99987793,77.00082400
2011,96.99987793,77.00082400
2012,96.99987793,77.00082400
2013,96.99987793,78.00048830
2014,96.99987793,78.00048830
2015,97.99993896,79.00015259
2016,97.99993896,80.00097659
2017,97.99993896,80.00097659
2018,97.99993896,79.00015259
2019,97.99993896,79.00015259
2020,97.99993896,78.00048830
2021,97.99993896,80.00097659
2022,97.99993896,83.00112918
2023,97.99993896,83.00112918
2024,96.99987793,84.00079348
2025,96.99987793,85.00045778
2026,96.99987793,84.00079348
2027,96.99987793,84.00079348
2028,96.99987793,80.00097659
2029,96.99987793,78.00048830
2030,96.99987793,77.00082400
2031,96.99987793,77.00082400
2032,96.99987793,76.00000000
2033,96.99987793,77.00082400
2034,96.99987793,78.00048830
2035,96.99987793,78.00048830
2036,96.99987793,77.00082400
2037,96.99987793,76.00000000
2038,96.99987793,75.00033570
2039,96.99987793,74.00067141
2040,96.99987793,75.00033570
2041,96.99987793,74.00067141
2042,96.99987793,75.00033570
2043,96.99987793,75.00033570
2044,96.99987793,74.00067141
2045,96.99987793,74.00067141
2046,95.99995422,72.00018311
2047,95.99995422,72.00018311
2048,95.99995422,71.00051881
2049,95.99995422,71.00051881
2050,95.99995422,72.00018311
2051,95.99995422,72.00018311
2052,95.99995422,73.00100711
2053,95.99995422,71.00051881
2054,96.99987793,71.00051881
2055,96.99987793,71.00051881
2056,96.99987793,71.00051881
2057,96.99987793,74.00067141
2058,96.99987793,77.00082400
2059,96.99987793,75.00033570
2060,96.99987793,73.00100711
2061,96.99987793,70.00085452
2062,96.99987793,68.00036622
2063,96.99987793,67.00070193
2064,96.99987793,66.00103763
2065,96.99987793,66.00103763
2066,96.99987793,68.00036622
2067,96.99987793,71.00051881
2068,96.99987793,71.00051881
2069,96.99987793,72.00018311
2070,96.99987793,72.00018311
2071,96.99987793,70.00085452
2072,96.99987793,66.00103763
2073,96.99987793,65.00021363
2074,96.99987793,67.00070193
2075,96.99987793,66.00103763
2076,96.99987793,68.00036622
2077,96.99987793,69.00003052
2078,96.99987793,69.00003052
2079,96.99987793,67.00070193
2080,97.99993896,67.00070193
2081,97.99993896,67.00070193
2082,97.99993896,69.00003052
2083,97.99993896,72.00018311
2084,97.99993896,72.00018311
2085,97.99993896,73.00100711
2086,96.99987793,74.00067141
2087,97.99993896,75.00033570
2088,97.99993896,74.00067141
2089,97.99993896,75.00033570
2090,97.99993896,74.00067141
2091,96.99987793,74.00067141
2092,96.99987793,73.00100711
2093,96.99987793,71.00051881
2094,96.99987793,69.00003052
2095,96.99987793,67.00070193
2096,96.99987793,67.00070193
2097,96.99987793,66.00103763
2098,96.99987793,66.00103763
2099,96.99987793,66.00103763
2100,96.99987793,66.00103763
2101,96.99987793,66.00103763
2102,96.99987793,64.00054933
2103,96.99987793,64.00054933
2104,96.99987793,63.00088504
2105,97.99993896,62.00006104
2106,97.99993896,61.00039674
2107,97.99993896,61.00039674
2108,97.99993896,61.00039674
2109,97.99993896,63.00088504
2110,97.99993896,63.00088504
2111,97.99993896,65.00021363
2112,97.99993896,63.00088504
2113,97.99993896,65.00021363
2114,97.99993896,63.00088504
2115,97.99993896,67.00070193
2116,97.99993896,67.00070193
2117,97.99993896,67.00070193
2118,97.99993896,67.00070193
2119,97.99993896,64.00054933
2120,97.99993896,62.00006104
2121,97.99993896,61.00039674
2122,96.99987793,60.00073244
2123,96.99987793,60.00073244
2124,96.99987793,62.00006104
2125,96.99987793,65.00021363
2126,97.99993896,65.00021363
2127,97.99993896,66.00103763
2128,97.99993896,66.00103763
2129,97.99993896,64.00054933
2130,97.99993896,64.00054933
2131,97.99993896,62.00006104
2132,97.99993896,62.00006104
2133,97.99993896,64.00054933
2134,97.99993896,64.00054933
2135,97.99993896,68.00036622
2136,96.99987793,70.00085452
2137,96.99987793,70.00085452
2138,96.99987793,70.00085452
2139,96.99987793,70.00085452
2140,96.99987793,68.00036622
2141,96.99987793,66.00103763
2142,96.99987793,65.00021363
2143,96.99987793,65.00021363
2144,96.99987793,67.00070193
2145,96.99987793,67.00070193
2146,96.99987793,68.00036622
2147,96.99987793,68.00036622
2148,97.99993896,68.00036622
2149,97.99993896,68.00036622
2150,97.99993896,68.00036622
2151,97.99993896,68.00036622
2152,97.99993896,68.00036622
2153,96.99987793,69.00003052
2154,96.99987793,69.00003052
2155,96.99987793,69.00003052
2156,96.99987793,70.00085452
2157,95.99995422,71.00051881
2158,95.99995422,71.00051881
2159,95.99995422,72.00018311
2160,96.99987793,72.00018311
2161,96.99987793,72.00018311
2162,96.99987793,72.00018311
2163,96.99987793,72.00018311
2164,96.99987793,72.00018311
2165,96.99987793,72.00018311
2166,96.99987793,72.00018311
2167,96.99987793,72.00018311
2168,96.99987793,74.00067141
2169,97.99993896,74.00067141
2170,97.99993896,74.00067141
2171,97.99993896,74.00067141
2172,97.99993896,74.00067141
2173,97.99993896,74.00067141
2174,97.99993896,74.00067141
2175,97.99993896,74.00067141
2176,97.99993896,74.00067141
2177,97.99993896,75.00033570
2178,97.99993896,76.00000000
2179,97.99993896,76.00000000
2180,97.99993896,76.00000000
2181,97.99993896,76.00000000
2182,97.99993896,77.00082400
2183,97.99993896,76.00000000
2184,96.99987793,76.00000000
2185,97.99993896,74.00067141
2186,97.99993896,71.00051881
2187,97.99993896,71.00051881
2188,97.99993896,71.00051881
2189,97.99993896,69.00003052
2190,97.99993896,69.00003052
2191,97.99993896,69.00003052
2192,97.99993896,69.00003052
2193,97.99993896,67.00070193
2194,97.99993896,67.00070193
2195,97.99993896,67.00070193
2196,97.99993896,67.00070193
2197,97.99993896,67.00070193
2198,97.99993896,67.00070193
2199,97.99993896,67.00070193
2200,97.99993896,67.00070193
2201,97.99993896,67.00070193
2202,97.99993896,67.00070193
2203,97.99993896,67.00070193
2204,97.99993896,66.00103763
2205,97.99993896,66.00103763
2206,97.99993896,66.00103763
2207,97.99993896,66.00103763
2208,97.99993896,66.00103763
2209,97.99993896,66.00103763
2210,97.99993896,67.00070193
2211,97.99993896,67.00070193
2212,97.99993896,69.00003052
2213,97.99993896,70.00085452
2214,97.99993896,70.00085452
2215,97.99993896,70.00085452
2216,97.99993896,70.00085452
2217,97.99993896,70.00085452
2218,97.99993896,71.00051881
2219,97.99993896,71.00051881
2220,97.99993896,71.00051881
2221,97.99993896,71.00051881
2222,97.99993896,71.00051881
2223,96.99987793,72.00018311
2224,96.99987793,71.00051881
2225,96.99987793,71.00051881
2226,96.99987793,71.00051881
2227,94.99989319,72.00018311
2228,94.99989319,72.00018311
2229,94.00010681,72.00018311
2230,94.00010681,72.00018311
2231,94.00010681,72.00018311
2232,94.00010681,72.00018311
2233,94.00010681,72.00018311
2234,94.00010681,72.00018311
2235,94.00010681,72.00018311
2236,94.00010681,72.00018311
2237,94.00010681,72.00018311
2238,94.00010681,72.00018311
2239,94.00010681,72.00018311
2240,94.00010681,72.00018311
2241,94.00010681,72.00018311
2242,94.00010681,72.00018311
2243,94.00010681,72.00018311
2244,94.00010681,72.00018311
2245,94.00010681,72.00018311
2246,94.00010681,72.00018311
2247,94.00010681,72.00018311
2248,94.00010681,72.00018311
2249,94.00010681,72.00018311
2250,93.00004578,72.00018311
2251,93.00004578,72.00018311
2252,93.00004578,72.00018311
2253,93.00004578,72.00018311
2254,93.00004578,73.00100711
2255,94.99989319,73.00100711
2256,94.99989319,73.00100711
2257,95.99995422,72.00018311
2258,96.99987793,69.00003052
2259,96.99987793,67.00070193
2260,96.99987793,65.00021363
2261,97.99993896,64.00054933
2262,97.99993896,65.00021363
2263,97.99993896,65.00021363
2264,97.99993896,66.00103763
2265,97.99993896,67.00070193
2266,97.99993896,66.00103763
2267,97.99993896,64.00054933
2268,97.99993896,63.00088504
2269,99.00000000,62.00006104
2270,97.99993896,61.00039674
2271,97.99993896,61.00039674
2272,97.99993896,61.00039674
2273,97.99993896,61.00039674
2274,97.99993896,60.00073244
2275,97.99993896,60.00073244
2276,96.99987793,61.00039674
2277,96.99987793,64.00054933
2278,96.99987793,65.00021363
2279,96.99987793,67.00070193
2280,96.99987793,66.00103763
2281,96.99987793,63.00088504
2282,96.99987793,63.00088504
2283,96.99987793,63.00088504
2284,96.99987793,63.00088504
2285,96.99987793,64.00054933
2286,96.99987793,64.00054933
2287,96.99987793,64.00054933
2288,96.99987793,63.00088504
2289,96.99987793,63.00088504
2290,97.99993896,63.00088504
2291,97.99993896,63.00088504
2292,97.99993896,63.00088504
2293,97.99993896,64.00054933
2294,97.99993896,64.00054933
2295,97.99993896,64.00054933
2296,97.99993896,69.00003052
2297,97.99993896,69.00003052
2298,97.99993896,70.00085452
2299,97.99993896,71.00051881
2300,97.99993896,69.00003052
2301,97.99993896,68.00036622
2302,96.99987793,66.00103763
2303,96.99987793,64.00054933
2304,96.99987793,63.00088504
2305,96.99987793,63.00088504
2306,96.99987793,63.00088504
2307,96.99987793,63.00088504
2308,96.99987793,62.00006104
2309,96.99987793,62.00006104
2310,96.99987793,62.00006104
2311,96.99987793,62.00006104
2312,97.99993896,61.00039674
2313,97.99993896,61.00039674
2314,97.99993896,61.00039674
2315,97.99993896,60.00073244
2316,97.99993896,60.00073244
2317,97.99993896,60.00073244
2318,97.99993896,60.00073244
2319,97.99993896,60.00073244
2320,97.99993896,60.00073244
2321,97.99993896,61.00039674
2322,97.99993896,63.00088504
2323,97.99993896,63.00088504
2324,97.99993896,64.00054933
2325,97.99993896,64.00054933
2326,97.99993896,65.00021363
2327,97.99993896,65.00021363
2328,97.99993896,64.00054933
2329,97.99993896,63.00088504
2330,97.99993896,63.00088504
2331,97.99993896,63.00088504
2332,97.99993896,63.00088504
2333,97.99993896,63.00088504
2334,97.99993896,63.00088504
2335,97.99993896,62.00006104
2336,97.99993896,61.00039674
2337,97.99993896,61.00039674
2338,97.99993896,60.00073244
2339,97.99993896,60.00073244
2340,97.99993896,62.00006104
2341,97.99993896,62.00006104
2342,97.99993896,63.00088504
2343,96.99987793,63.00088504
2344,96.99987793,62.00006104
2345,96.99987793,62.00006104
2346,96.99987793,61.00039674
2347,96.99987793,61.00039674
2348,96.99987793,61.00039674
2349,96.99987793,61.00039674
2350,95.99995422,60.00073244
2351,95.99995422,60.00073244
2352,95.99995422,60.00073244
2353,96.99987793,60.00073244
2354,96.99987793,60.00073244
2355,96.99987793,60.00073244
2356,96.99987793,61.00039674
2357,96.99987793,61.00039674
2358,96.99987793,62.00006104
2359,96.99987793,62.00006104
2360,96.99987793,63.00088504
2361,96.99987793,62.00006104
2362,96.99987793,62.00006104
2363,96.99987793,62.00006104
2364,96.99987793,61.00039674
2365,96.99987793,61.00039674
2366,96.99987793,61.00039674
2367,96.99987793,62.00006104
2368,96.99987793,65.00021363
2369,96.99987793,65.00021363
2370,96.99987793,68.00036622
2371,96.99987793,68.00036622
2372,96.99987793,68.00036622
2373,96.99987793,68.00036622
2374,96.99987793,68.00036622
2375,96.99987793,68.00036622
2376,96.99987793,68.00036622
2377,96.99987793,68.00036622
2378,97.99993896,70.00085452
2379,97.99993896,70.00085452
2380,97.99993896,71.00051881
2381,97.99993896,71.00051881
2382,97.99993896,70.00085452
2383,97.99993896,68.00036622
2384,97.99993896,65.00021363
2385,97.99993896,64.00054933
2386,96.99987793,63.00088504
2387,96.99987793,65.00021363
2388,96.99987793,67.00070193
2389,96.99987793,68.00036622
2390,97.99993896,67.00070193
2391,97.99993896,68.00036622
2392,96.99987793,66.00103763
2393,96.99987793,64.00054933
2394,96.99987793,63.00088504
2395,96.99987793,62.00006104
2396,96.99987793,60.00073244
2397,96.99987793,59.00106815
2398,96.99987793,58.00024415
2399,96.99987793,57.00057985
2400,96.99987793,56.00091556
2401,96.99987793,56.00091556
2402,96.99987793,56.00091556
2403,96.99987793,56.00091556
2404,96.99987793,57.00057985
2405,96.99987793,57.00057985
2406,96.99987793,57.00057985
2407,96.99987793,58.00024415
2408,96.99987793,58.00024415
2409,96.99987793,58.00024415
2410,96.99987793,57.00057985
2411,96.99987793,57.00057985
2412,96.99987793,57.00057985
2413,96.99987793,56.00091556
2414,96.99987793,57.00057985
2415,96.99987793,59.00106815
2416,96.99987793,59.00106815
2417,96.99987793,60.00073244
2418,96.99987793,62.00006104
2419,97.99993896,66.00103763
2420,97.99993896,66.00103763
2421,97.99993896,73.00100711
2422,97.99993896,75.00033570
2423,97.99993896,77.00082400
2424,97.99993896,76.00000000
2425,96.99987793,73.00100711
2426,96.99987793,72.00018311
2427,96.99987793,70.00085452
2428,96.99987793,70.00085452
2429,96.99987793,68.00036622
2430,96.99987793,67.00070193
2431,96.99987793,66.00103763
2432,96.99987793,65.00021363
2433,96.99987793,63.00088504
2434,96.99987793,61.00039674
2435,96.99987793,60.00073244
2436,96.99987793,60.00073244
2437,96.99987793,60.00073244
2438,97.99993896,61.00039674
2439,97.99993896,60.00073244
2440,97.99993896,60.00073244
2441,97.99993896,63.00088504
2442,96.99987793,63.00088504
2443,96.99987793,66.00103763
2444,96.99987793,66.00103763
2445,95.99995422,67.00070193
2446,95.99995422,67.00070193
2447,96.99987793,67.00070193
2448,96.99987793,66.00103763
2449,96.99987793,66.00103763
2450,95.99995422,67.00070193
2451,96.99987793,69.00003052
2452,96.99987793,69.00003052
2453,96.99987793,75.00033570
2454,96.99987793,75.00033570
2455,96.99987793,78.00048830
2456,95.99995422,79.00015259
2457,95.99995422,79.00015259
2458,95.99995422,79.00015259
2459,95.99995422,79.00015259
2460,95.99995422,79.00015259
2461,95.99995422,79.00015259
2462,95.99995422,76.00000000
2463,95.99995422,71.00051881
2464,95.99995422,69.00003052
2465,95.99995422,71.00051881
2466,95.99995422,73.00100711
2467,95.99995422,73.00100711
2468,95.99995422,75.00033570
2469,95.99995422,75.00033570
2470,95.99995422,75.00033570
2471,95.99995422,75.00033570
2472,95.99995422,75.00033570
2473,95.99995422,71.00051881
2474,95.99995422,70.00085452
2475,95.99995422,71.00051881
2476,95.99995422,74.00067141
2477,95.99995422,74.00067141
2478,95.99995422,76.00000000
2479,96.99987793,81.00064089
2480,96.99987793,83.00112918
2481,96.99987793,85.00045778
2482,96.99987793,85.00045778
2483,96.99987793,84.00079348
2484,96.99987793,80.00097659
2485,96.99987793,80.00097659
2486,95.99995422,72.00018311
2487,95.99995422,68.00036622
2488,95.99995422,68.00036622
2489,95.99995422,65.00021363
2490,95.99995422,65.00021363
2491,95.99995422,63.00088504
2492,95.99995422,63.00088504
2493,95.99995422,61.00039674
2494,96.99987793,61.00039674
2495,96.99987793,61.00039674
2496,96.99987793,62.00006104
2497,96.99987793,63.00088504
2498,96.99987793,66.00103763
2499,97.99993896,66.00103763
2500,97.99993896,68.00036622
2501,97.99993896,66.00103763
2502,97.99993896,65.00021363
2503,97.99993896,63.00088504
2504,97.99993896,63.00088504
2505,97.99993896,63.00088504
2506,97.99993896,64.00054933
2507,97.99993896,67.00070193
2508,97.99993896,67.00070193
2509,97.99993896,69.00003052
2510,97.99993896,67.00070193
2511,97.99993896,65.00021363
2512,97.99993896,63.00088504
2513,97.99993896,62.00006104
2514,97.99993896,62.00006104
2515,97.99993896,63.00088504
2516,97.99993896,65.00021363
2517,97.99993896,67.00070193
2518,97.99993896,68.00036622
2519,97.99993896,71.00051881
2520,97.99993896,71.00051881
2521,97.99993896,73.00100711
2522,97.99993896,75.00033570
2523,97.99993896,75.00033570
2524,97.99993896,79.00015259
2525,97.99993896,79.00015259
2526,97.99993896,80.00097659
